
CREATE TABLE `car` (
  `id` int NOT NULL AUTO_INCREMENT,
  `carmodel` varchar(256) NOT NULL,
  `carclass` int NOT NULL,
  `totalcostcar` int NOT NULL,
  `fuelconsumption` decimal(10,2) DEFAULT NULL,
  `enginevolume` decimal(10,2) DEFAULT NULL,
  `transmission` varchar(45) NOT NULL,
  `cost` decimal(10,2) NOT NULL,
  `carstatus` int NOT NULL,
  PRIMARY KEY (`id`),
  KEY `carclass_idx` (`carclass`),
  KEY `carstatus_idx` (`carstatus`),
  CONSTRAINT `carclass` FOREIGN KEY (`carclass`) REFERENCES `carclass` (`id`) ON DELETE CASCADE ON UPDATE CASCADE,
  CONSTRAINT `carstatus` FOREIGN KEY (`carstatus`) REFERENCES `carstatus` (`id`) ON DELETE CASCADE ON UPDATE CASCADE
) ENGINE=InnoDB AUTO_INCREMENT=100 DEFAULT CHARSET=utf8mb3;

INSERT INTO `car` VALUES (1,'Volkswagen Polo AT',1,8000,6.60,1.60,'AT',45.00,1),(2,'Hyndai i40',1,9000,6.60,1.60,'MT',48.00,1),(3,'Skoda Rapid',1,8500,6.60,1.60,'MT',51.00,1),(4,'Volkswagen Polo',1,8100,7.60,1.60,'MT',45.00,3),(5,'Kia Rio',1,9200,6.60,1.60,'AT',36.00,1),(6,'Lada Largus',1,7500,6.80,1.60,'MT',34.00,3),(7,'Ford Focus III AT Sedan',2,7800,6.30,1.60,'AT',47.00,3),(8,'Skoda Octavia',2,8900,6.40,1.60,'AT',56.00,1),(9,'Skoda Rapid Rest I AT',2,9400,6.60,1.60,'AT',50.00,1),(10,'Nisan Juke',2,9800,6.00,1.60,'AT',50.00,3),(11,'Skoda Yeti',2,10800,7.10,1.60,'AT',56.00,1),(12,'BMW 3 F30',2,14000,6.80,2.00,'AT',85.00,3),(13,'Hyundai Sonata LF',2,12000,7.30,2.00,'AT',75.00,1),(14,'Ford Mondeo',2,11500,8.00,2.00,'AT',75.00,1),(15,'Ford Fusion A',2,10500,6.70,1.50,'AT',55.00,3),(16,'BUICK ENCORE GX',2,11000,8.40,1.40,'AT',78.00,3),(17,'Geely COOLRAY',2,9500,8.10,1.50,'AT',85.00,1),(18,'BMW X5 E53',2,18000,12.70,3.00,'AT',60.00,3),(19,'Lexus RX 350',2,19500,7.00,3.50,'AT',80.00,3),(20,'Ford Kuga 4WD',2,16400,6.40,2.50,'AT',75.00,1),(21,'Audi Q7 2017',3,29000,10.00,3.00,'AT',160.00,1),(22,'Audi A6 C83',3,32000,6.00,2.00,'AT',120.00,1),(23,'Mercedes Benz GLE',3,45000,7.20,3.00,'AT',150.00,3),(24,'Range Rover Sport',3,35000,7.00,3.00,'AT',170.00,3),(25,'BMW 540 G30 M-Sport',3,44000,9.40,4.40,'AT',164.00,3),(26,'BMW X3 M Sport 4WD',3,39000,5.10,2.00,'AT',220.00,1),(27,'Porsche Panamera Rest',3,55000,10.50,4.80,'AT',195.00,3),(28,'Toyota Land Cruiser',3,58000,10.20,4.50,'AT',260.00,1),(29,'Tesla Model S',4,30000,0.00,0.00,'AT',125.00,3),(30,'BMW i3',4,17000,0.00,0.00,'AT',87.00,1),(31,'Hyundai IONIQ',4,15500,0.00,0.00,'AT',59.00,1),(32,'BMW i8',4,34500,0.00,0.00,'AT',270.00,1),(92,'AD',2,5000,4.00,2.00,'AT',55.00,1),(93,'erg',2,8000,6.00,2.00,'AT',66.00,1),(94,'Tesla Model X',1,25000,2.00,2.00,'AT',50.00,1),(95,'Tesla Model XXXX',2,30000,4.00,4.00,'MT',40.00,1),(96,'BMW X1 E84',2,10000,10.00,2.00,'AT',47.00,3),(97,'Ford Fusion ',2,21000,5.00,2.00,'AT',45.00,1),(98,'Renault Kajar',2,18700,7.00,2.00,'MT',42.00,1),(99,'Lamborghini Aventador',3,300000,16.70,6.50,'AT',310.00,1);

CREATE TABLE `carclass` (
  `id` int NOT NULL AUTO_INCREMENT,
  `carclass` varchar(256) NOT NULL,
  PRIMARY KEY (`id`)
) ENGINE=InnoDB AUTO_INCREMENT=15 DEFAULT CHARSET=utf8mb3;

INSERT INTO `carclass` VALUES (1,'economy'),(2,'comfort'),(3,'premium'),(4,'electric');

CREATE TABLE `carstatus` (
  `id` int NOT NULL AUTO_INCREMENT,
  `carstatus` varchar(256) NOT NULL,
  PRIMARY KEY (`id`)
) ENGINE=InnoDB AUTO_INCREMENT=5 DEFAULT CHARSET=utf8mb3;

INSERT INTO `carstatus` VALUES (1,'available'),(2,'ordered'),(3,'on repair');

CREATE TABLE `degreeofdamage` (
  `id` int NOT NULL AUTO_INCREMENT,
  `title` varchar(256) NOT NULL,
  `damagepercentage` int NOT NULL,
  PRIMARY KEY (`id`)
) ENGINE=InnoDB AUTO_INCREMENT=5 DEFAULT CHARSET=utf8mb3;

INSERT INTO `degreeofdamage` VALUES (1,'Scrap – complete vehicle crushed ',100),(2,'Break – body-shell/chassis crushed',60),(3,'Structurally damaged but repairable',30),(4,'Non-structurally damaged but repairable',10);

CREATE TABLE `discount` (
  `id` int NOT NULL AUTO_INCREMENT,
  `amountofdays` int NOT NULL,
  `percent` int NOT NULL,
  PRIMARY KEY (`id`)
) ENGINE=InnoDB AUTO_INCREMENT=62 DEFAULT CHARSET=utf8mb3;

INSERT INTO `discount` VALUES (1,1,0),(2,2,0),(3,3,0),(4,4,10),(5,5,10),(6,6,10),(7,7,10),(8,8,15),(9,9,15),(10,10,15),(11,11,15),(12,12,15),(13,13,15),(14,14,15),(15,15,25),(16,16,25),(17,17,25),(18,18,25),(19,19,25),(20,20,25),(21,21,25),(22,22,25),(23,23,25),(24,24,25),(25,25,25),(26,26,25),(27,27,25),(28,28,25),(29,29,25),(30,30,25),(31,31,30),(32,32,30),(33,33,30),(34,34,30),(35,35,30),(36,36,30),(37,37,30),(38,38,30),(39,39,30),(40,40,30),(41,41,30),(42,42,30),(43,43,30),(44,44,30),(45,45,30),(46,46,30),(47,47,30),(48,48,30),(49,49,30),(50,50,30),(51,51,30),(52,52,30),(53,53,30),(54,54,30),(55,55,30),(56,56,30),(57,57,30),(58,58,30),(59,59,30),(60,60,30),(61,61,30);


CREATE TABLE `login` (
  `id` int NOT NULL AUTO_INCREMENT,
  `username` varchar(256) NOT NULL,
  `password` varchar(256) NOT NULL,
  `role` varchar(256) NOT NULL,
  `user_id` int NOT NULL,
  PRIMARY KEY (`id`),
  KEY `user_id_idx` (`user_id`),
  CONSTRAINT `user_id` FOREIGN KEY (`user_id`) REFERENCES `user` (`id`) ON DELETE CASCADE ON UPDATE CASCADE
) ENGINE=InnoDB AUTO_INCREMENT=55 DEFAULT CHARSET=utf8mb3;

INSERT INTO `login` VALUES (1,'admin','admin','ROLE_ADMIN',1),(2,'dim','dim','ROLE_CLIENT',2),(40,'tom','111','ROLE_CLIENT',20),(41,'aist','22','ROLE_CLIENT',21),(42,'ivan','333','ROLE_CLIENT',22),(43,'fedor','23','ROLE_CLIENT',23),(44,'frozen','1','ROLE_CLIENT',24),(45,'anton','aaaa','ROLE_CLIENT',25),(48,'user11','1','ROLE_CLIENT',28),(49,'user111','1','ROLE_CLIENT',29),(50,'taddy','33','ROLE_CLIENT',30),(51,'334','e','ROLE_CLIENT',31),(52,'Black Sky','7777777','ROLE_CLIENT',32),(53,'Black Sky Aboven','55555','ROLE_CLIENT',33),(54,'robby','fkvkw*nE','ROLE_CLIENT',34);


CREATE TABLE `request` (
  `id` int NOT NULL AUTO_INCREMENT,
  `user` int NOT NULL,
  `car_id` int NOT NULL,
  `startofrental` date NOT NULL,
  `endofrental` date NOT NULL,
  `reduction` decimal(10,2) NOT NULL,
  `price` decimal(10,2) NOT NULL,
  `repairbill` int DEFAULT NULL,
  `status` varchar(45) NOT NULL,
  `creationtime` datetime DEFAULT NULL,
  PRIMARY KEY (`id`),
  KEY `user_id_idx` (`user`),
  KEY `car_id_idx` (`car_id`),
  CONSTRAINT `car_id` FOREIGN KEY (`car_id`) REFERENCES `car` (`id`) ON DELETE CASCADE ON UPDATE CASCADE,
  CONSTRAINT `user` FOREIGN KEY (`user`) REFERENCES `user` (`id`) ON DELETE CASCADE ON UPDATE CASCADE
) ENGINE=InnoDB AUTO_INCREMENT=172 DEFAULT CHARSET=utf8mb3;

INSERT INTO `request` VALUES (2,2,2,'2022-11-12','2022-11-30',6.48,29.52,NULL,'COMPLETED',NULL),(91,2,4,'2022-11-09','2022-11-18',32.40,372.60,NULL,'COMPLETED',NULL),(92,2,6,'2022-11-08','2022-11-11',2.04,99.96,750,'COMPLETED',NULL),(97,2,7,'2022-11-10','2022-11-12',1.88,92.12,NULL,'COMPLETED',NULL),(98,2,9,'2022-11-17','2022-11-20',3.00,147.00,NULL,'COMPLETED',NULL),(121,2,5,'2022-11-17','2022-11-28',38.50,346.50,NULL,'COMPLETED',NULL),(125,20,14,'2022-11-18','2022-11-23',15.00,360.00,NULL,'CONFIRMED','2022-11-15 15:17:23'),(126,2,16,'2022-11-16','2022-11-23',32.76,513.24,NULL,'COMPLETED','2022-11-15 15:41:45'),(127,2,10,'2022-11-15','2022-11-17',2.00,98.00,5880,'COMPLETED','2022-11-15 15:42:02'),(128,2,9,'2022-11-17','2022-11-24',21.00,329.00,NULL,'COMPLETED','2022-11-15 15:48:01'),(129,2,4,'2022-11-25','2022-11-29',7.20,172.80,NULL,'COMPLETED','2022-11-16 12:58:18'),(130,2,6,'2022-11-16','2022-11-24',21.76,250.24,1000,'COMPLETED','2022-11-16 22:18:16'),(131,21,26,'2022-11-18','2022-11-22',35.20,844.80,NULL,'DENIED','2022-11-17 00:22:56'),(132,2,13,'2022-11-18','2022-11-22',12.00,288.00,NULL,'DENIED','2022-11-17 00:37:16'),(133,2,25,'2022-11-26','2022-11-29',9.84,482.16,NULL,'DENIED','2022-11-17 00:42:58'),(134,21,20,'2022-11-18','2022-11-22',12.00,288.00,NULL,'CONFIRMED','2022-11-17 02:01:18'),(135,2,5,'2022-11-18','2022-11-19',0.00,35.00,5460,'COMPLETED','2022-11-17 16:40:11'),(136,2,5,'2022-11-20','2022-11-22',1.40,68.60,NULL,'COMPLETED','2022-11-17 17:13:39'),(137,2,5,'2022-11-17','2022-11-19',1.40,68.60,NULL,'COMPLETED','2022-11-17 17:14:35'),(138,2,4,'2022-11-20','2022-11-23',2.70,132.30,NULL,'COMPLETED','2022-11-17 19:21:39'),(139,2,5,'2022-11-20','2022-12-17',245.70,699.30,NULL,'COMPLETED','2022-11-17 19:43:09'),(140,2,15,'2022-11-20','2022-12-30',660.00,1540.00,1050,'COMPLETED','2022-11-17 19:43:46'),(141,28,3,'2022-11-19','2022-11-30',56.10,504.90,NULL,'CONFIRMED','2022-11-17 21:43:49'),(142,2,16,'2022-11-26','2022-11-30',12.48,299.52,1100,'COMPLETED','2022-11-17 22:22:06'),(143,22,9,'2022-11-26','2022-11-30',8.00,192.00,NULL,'CONFIRMED','2022-11-17 22:24:35'),(144,22,9,'2022-12-08','2022-12-31',253.00,897.00,NULL,'CONFIRMED','2022-11-17 22:37:25'),(145,23,14,'2022-11-18','2022-11-24',27.00,423.00,NULL,'COMPLETED','2022-11-17 22:39:16'),(146,29,8,'2022-11-18','2022-11-28',56.00,504.00,NULL,'CONFIRMED','2022-11-17 22:47:08'),(147,24,10,'2022-11-19','2022-11-29',50.00,450.00,NULL,'CONFIRMED','2022-11-17 22:57:52'),(148,23,10,'2022-11-30','2022-12-01',0.00,50.00,NULL,'COMPLETED','2022-11-17 23:15:26'),(149,2,12,'2023-02-10','2023-03-23',1045.50,2439.50,1400,'COMPLETED','2022-11-17 23:24:07'),(150,2,24,'2022-11-30','2023-01-06',1887.00,4403.00,3500,'COMPLETED','2022-11-18 01:48:41'),(151,23,10,'2022-12-15','2022-12-22',35.00,315.00,980,'WAITING_FOR_PAYMENTS_FOR_REPAIR','2022-11-18 14:40:56'),(152,23,28,'2022-11-20','2022-11-30',390.00,2210.00,NULL,'COMPLETED','2022-11-18 14:50:18'),(153,2,25,'2022-11-30','2022-12-03',0.00,492.00,13200,'COMPLETED','2022-11-18 15:05:45'),(154,30,32,'2022-11-25','2022-12-02',189.00,1701.00,NULL,'CONFIRMED','2022-11-18 15:07:42'),(155,2,4,'2022-12-25','2022-12-31',27.00,243.00,NULL,'DENIED','2022-11-18 16:15:10'),(156,32,27,'2022-11-19','2022-12-20',1813.50,4231.50,16500,'WAITING_FOR_PAYMENTS_FOR_REPAIR','2022-11-18 22:13:33'),(157,33,23,'2022-11-19','2022-12-01',270.00,1530.00,NULL,'CONFIRMED','2022-11-18 22:21:53'),(158,2,23,'2023-01-13','2023-01-21',180.00,1020.00,13500,'COMPLETED','2022-11-18 22:25:52'),(159,2,29,'2022-11-18','2022-11-19',0.00,125.00,NULL,'COMPLETED','2022-11-18 22:30:39'),(160,2,19,'2022-11-19','2022-11-20',0.00,80.00,NULL,'COMPLETED','2022-11-18 22:34:46'),(161,23,18,'2022-11-19','2022-11-20',0.00,60.00,1800,'WAITING_FOR_PAYMENTS_FOR_REPAIR','2022-11-18 22:41:10'),(162,22,17,'2022-11-19','2022-11-20',0.00,85.00,NULL,'CONFIRMED','2022-11-18 22:43:52'),(163,22,93,'2022-11-19','2022-11-20',0.00,66.00,NULL,'CONFIRMED','2022-11-18 22:53:15'),(164,32,95,'2022-11-19','2022-11-22',0.00,120.00,NULL,'CONFIRMED','2022-11-18 23:03:52'),(165,32,94,'2022-11-19','2022-11-20',0.00,50.00,NULL,'CONFIRMED','2022-11-18 23:04:05'),(166,2,4,'2022-12-08','2022-12-09',0.00,45.00,NULL,'COMPLETED','2022-11-21 08:17:54'),(167,2,23,'2022-12-02','2022-12-03',0.00,150.00,NULL,'COMPLETED','2022-11-21 10:18:17'),(168,2,31,'2022-11-21','2022-11-23',0.00,118.00,NULL,'COMPLETED','2022-11-21 11:32:31'),(169,2,22,'2022-11-22','2022-11-23',0.00,120.00,NULL,'DENIED','2022-11-22 12:37:19'),(170,34,28,'2022-12-01','2022-12-02',0.00,260.00,NULL,'CONFIRMED','2022-11-22 13:01:13'),(171,2,96,'2022-11-23','2022-11-24',0.00,47.00,6000,'COMPLETED','2022-11-23 01:46:02');


CREATE TABLE `user` (
  `id` int NOT NULL AUTO_INCREMENT,
  `name` varchar(256) NOT NULL,
  `surname` varchar(256) NOT NULL,
  `dateofbirth` date NOT NULL,
  `email` varchar(45) NOT NULL,
  `passportdata` varchar(256) DEFAULT NULL,
  `status` varchar(45) NOT NULL,
  PRIMARY KEY (`id`)
) ENGINE=InnoDB AUTO_INCREMENT=35 DEFAULT CHARSET=utf8mb3;

INSERT INTO `user` VALUES (1,'Bob','Wood','1999-02-10','bobwood13@gmail.com',NULL,'NO_DEBTS'),(2,'Dmitry','Snow','2000-04-13','teior55@gmail.com','KH4327852','NO_DEBTS'),(20,'Tom','Walker','1978-03-19','walker@gmail.com','KH5650034','NO_DEBTS'),(21,'Petya','Aist','1992-10-12','aist922@gmail.com','KH6323412','NO_DEBTS'),(22,'Ivan','Dar','2001-10-13','ivan111@gmail.com','KF34g3345','NO_DEBTS'),(23,'Fedor','Tort','1988-11-09','tort18-12@tut.by','HFd23g2','REPAIR_NOT_PAID'),(24,'Leonid','Portnoy','1997-11-01','portnyo97@mail.com','wef342','NO_DEBTS'),(25,'Anton','Dolin','1972-03-09','dolin72@mail.ru','KH2235364','NO_DEBTS'),(28,'tom','rob','2020-11-05','asda@mail.com','KH2631678','NO_DEBTS'),(29,'we','we','2022-11-09','wewe','KY23r2fer','NO_DEBTS'),(30,'tadik','bull','1978-07-12','tad@tut.by','KH4235467','NO_DEBTS'),(31,'dhy','by','2022-11-01','rtgr4gg',NULL,'NO_DEBTS'),(32,'Ignat','Gramadsky','2015-08-28','adflkgj','Kfjhgseg','REPAIR_NOT_PAID'),(33,'Danik','Gramadsky','2002-08-01','b;bfgc[l','jklhopj','NO_DEBTS'),(34,'Rob','Bourdon','1980-11-13','bourdon1980@gmail.com','KH5556898','NO_DEBTS');
